{"config": "{\"version\":\"5.57\",\"themeCollection\":{\"baseTheme\":{\"name\":\"CY24SU08\",\"version\":\"5.57\",\"type\":2}},\"activeSectionIndex\":0,\"defaultDrillFilterOtherVisuals\":True,\"settings\":{\"useNewFilterPaneExperience\":True,\"allowChangeFilterTypes\":True,\"useStylableVisualContainerHeader\":True,\"queryLimitOption\":6,\"exportDataMode\":1,\"useDefaultAggregateDisplayName\":True,\"useEnhancedTooltips\":True},\"objects\":{\"section\":[{\"properties\":{\"verticalAlignment\":{\"expr\":{\"Literal\":{\"Value\":\"'Top'\"}}}}}]}}", "layoutOptimization": 0, "resourcePackages": [{"resourcePackage": {"disabled": false, "items": [{"name": "CY24SU08", "path": "BaseThemes/CY24SU08.json", "type": 202}], "name": "SharedResources", "type": 2}}], "sections": [{"config": "{}", "displayName": "Page 1", "displayOption": 1, "filters": "[]", "height": 720.0, "name": "cea7a9db5ac16b1744ab", "visualContainers": [], "width": 1280.0}]}